genes	MD
MIR21	Yes
MMP9	Yes
DIRAS3	Yes
ENTPD2	Yes
TMBIM1	Yes
KIF1A	Yes
CMIP	Yes
TUFM	Yes
BLVRA	Yes
AADAT	Yes
PDX1	Yes
CEL	Yes
MIR151A	Yes
INPPL1	Yes
SLC31A1	Yes
EXTL3	Yes
LIPA	Yes
GPM6A	Yes
MIR194-1	Yes
HMOX1	Yes
SCNN1A	Yes
RT1-CE5	Yes
MLC1	Yes
OTC	Yes
SRR	Yes
LRRC1	Yes
BIRC3	Yes
MIR542	Yes
HPRT1	Yes
SCTR	Yes
CRMP	Yes
EDEM1	Yes
DEPDC7	Yes
CTSS	Yes
CAT	Yes
PKM	Yes
MPDU1	Yes
APOC2	Yes
BGN	Yes
CISD2	Yes
GLUL	Yes
ATP5B	Yes
PRKAG3	Yes
CTNNB1	Yes
NEIL1	Yes
STT3B	Yes
DDB1	Yes
AKR1D1	Yes
GNA14	Yes
SMOC1	Yes
SKP2	Yes
GDA	Yes
HERC3	Yes
SDR42E1	Yes
BUB1B	Yes
HK3	Yes
SARS2	Yes
JAK2	Yes
LAMTOR5	Yes
CYP39A1	Yes
KMT2A	Yes
TUSC3	Yes
CLEC4B2	Yes
CKAP2L	Yes
LIPT1	Yes
DCTN1	Yes
NAT2	Yes
TACC3	Yes
OXCT1	Yes
CYP2B6	Yes
ESR1	Yes
FAM167B	Yes
ALG1	Yes
ALG2	Yes
PMM2	Yes
HYKK	Yes
CCL6	Yes
MRE11	Yes
CNR1	Yes
GPD1L	Yes
TNFRSF1A	Yes
TNFRSF21	Yes
APOBEC1	Yes
PDK4	Yes
PEPD	Yes
ACO2	Yes
C1QC	Yes
COLEC10	Yes
INS	Yes
SLC9A3	Yes
RASA1	Yes
KCTD15	Yes
DSG1	Yes
SLIT2	Yes
SERPINA3	Yes
PARP2	Yes
MIR29A	Yes
MPO	Yes
MIR151	Yes
STC2	Yes
SLC11A1	Yes
LRRC59	Yes
MIR181D	Yes
MIR7704	Yes
RARA	Yes
MIR687	Yes
NFU1	Yes
RNF157	Yes
CXCL9	Yes
PLEK	Yes
TSLP	Yes
CTSD	Yes
TYR	Yes
ITGB6	Yes
PEX3	Yes
SLA	Yes
RBP4	Yes
HLA-B	Yes
TIMP2	Yes
FHL2	Yes
SPARC	Yes
CCL14	Yes
SLC36A2	Yes
GCKR	Yes
IL9R	Yes
MIR7977	Yes
PRSS35	Yes
ERBB4	Yes
ITGAL	Yes
PPM1L	Yes
BAX	Yes
FOS	Yes
TOX3	Yes
PTPN6	Yes
BLOC1S2	Yes
MIR629	Yes
SULT2B1	Yes
MTPN	Yes
CD24	Yes
KLHL3	Yes
N-TUTCA2	Yes
CXADR	Yes
GALNS	Yes
IL1A	Yes
ADHFE1	Yes
GAPDH	Yes
NDN	Yes
OBP3	Yes
SASH3	Yes
PRKDC	Yes
SLC25A13	Yes
CES1	Yes
SLC26A3	Yes
HOXB5	Yes
AGT	Yes
ZNF169	Yes
ZBTB7B	Yes
CD86	Yes
MT1	Yes
OPRM1	Yes
UROS	Yes
KIT	Yes
MIR28	Yes
CIDEC	Yes
ADAM3A	Yes
HK1	Yes
OSGIN1	Yes
TSC22D3	Yes
SIGMAR1	Yes
ARSA	Yes
CDKN1A	Yes
MPEG1	Yes
PDGFRB	Yes
PTPN22	Yes
MIR706	Yes
CASK	Yes
LRPPRC	Yes
DPM3	Yes
NR1H3	Yes
WIPF1	Yes
FAM126A	Yes
TUBB4B	Yes
BCAT2	Yes
SLC2A1	Yes
IKBKG	Yes
WNK1	Yes
BOLA3	Yes
DGUOK	Yes
TRNS1	Yes
RT1-M3-1	Yes
IL5	Yes
SLC1A2	Yes
DHFR	Yes
DEPDC5	Yes
PEX10	Yes
MAGEC2	Yes
TMEM164	Yes
IFNGR1	Yes
SUCLG1	Yes
ATOX1	Yes
PRTFDC1	Yes
MAGEA1	Yes
CYP2C19	Yes
ACADS	Yes
RT1-DMA	Yes
RGD1305347	Yes
MIR349	Yes
TMEM65	Yes
CCN2	Yes
SFRP4	Yes
SRD5A1	Yes
CPE	Yes
PEX13	Yes
WNK4	Yes
CRYGD	Yes
MRO	Yes
SERPINE1	Yes
MIR384	Yes
CCR1	Yes
MLXIPL	Yes
GPD1	Yes
TGFA	Yes
MIR302C	Yes
SPRTN	Yes
OLR59	Yes
SMPD1	Yes
DDX54	Yes
HERC5	Yes
AFP	Yes
RSRP1	Yes
MIR697	Yes
CSF2	Yes
LCT	Yes
MIR410	Yes
PDIA3	Yes
SLC22A8	Yes
WFDC2	Yes
GCLM	Yes
FGF15	Yes
FUT2	Yes
SUMF1	Yes
NR5A2	Yes
COL15A1	Yes
UST5R	Yes
MIR378A	Yes
ITPR3	Yes
HACL1	Yes
PCLAF	Yes
TRNF	Yes
F2RL3	Yes
PDP1	Yes
HTATIP2	Yes
CNTF	Yes
KIF4A	Yes
MMAB	Yes
ANKS1B	Yes
GGT1	Yes
YPEL3	Yes
DCXR	Yes
IARS1	Yes
ATOH8	Yes
AVPR1A	Yes
RAC2	Yes
MYO5A	Yes
MIR93	Yes
DDAH1	Yes
IFITM1	Yes
ZFAND3	Yes
SRD5A2	Yes
TRNW	Yes
LARGE1	Yes
GLYCTK	Yes
CLIC2	Yes
SCD	Yes
CYP27B1	Yes
E2F8	Yes
SCARB1	Yes
GLUD1	Yes
COL6A2	Yes
SOCS1	Yes
LHFPL6	Yes
MSH2	Yes
PAX6	Yes
TMSB10	Yes
MCM2	Yes
SELE	Yes
RGD1564865	Yes
MIR367	Yes
FOLR2	Yes
SLC7A7	Yes
JAK3	Yes
ISG15	Yes
PRICKLE2	Yes
GALC	Yes
GLT8D1	Yes
SNAI2	Yes
TM6SF2	Yes
FAH	Yes
GDF15	Yes
CYGB	Yes
FAM134B	Yes
DMD	Yes
MT2A	Yes
SERPINA6	Yes
CTSA	Yes
CYP3A9	Yes
PPARD	Yes
DAPK2	Yes
RDH2	Yes
CUL3	Yes
DHTKD1	Yes
ALG11	Yes
EPHX1	Yes
SRMS	Yes
CEP19	Yes
NUS1	Yes
IMMT	Yes
DSCAM	Yes
MIR520B	Yes
PIGV	Yes
RCSD1	Yes
MC4R	Yes
CTSZ	Yes
GBA3	Yes
MKRN3-AS1	Yes
MIR23A	Yes
TWNK	Yes
GABRD	Yes
BMPER	Yes
MEOX2	Yes
MIR625	Yes
HNF4A	Yes
SLC6A14	Yes
CXCL1	Yes
SLC22A2	Yes
IL3	Yes
LMF1	Yes
FIS1	Yes
CMTM3	Yes
FGF2	Yes
APON	Yes
WFS1	Yes
SST	Yes
SLC51A	Yes
ST8SIA1	Yes
RFX5	Yes
CYP2A6	Yes
MBTPS2	Yes
ATP6V1D	Yes
PTH1R	Yes
MIR148B	Yes
LMBRD1	Yes
CRISPLD2	Yes
CDH13	Yes
F12	Yes
DLD	Yes
UTS2	Yes
ATG5	Yes
MT1F	Yes
ZC3HC1	Yes
APOF	Yes
TPM3	Yes
RNF39	Yes
SNORD115-1	Yes
UCP3	Yes
CENPM	Yes
ZFP57	Yes
ADRA1B	Yes
EGR2	Yes
IRS2	Yes
CYP2B1	Yes
ZFHX3	Yes
PHEX	Yes
LARS2	Yes
PUM1	Yes
CAMK2D	Yes
SLC22A23	Yes
COQ10A	Yes
AKR1B10	Yes
ICAM2	Yes
JUP	Yes
HPH1	Yes
MFSD2A	Yes
AARS2	Yes
SECTM1B	Yes
CEBPA	Yes
IPW	Yes
SPR	Yes
FGF4	Yes
TPX2	Yes
NOS1	Yes
MIR142	Yes
ITLN1	Yes
SNX7	Yes
LARS1	Yes
NUDT15	Yes
APOB	Yes
PKMYT1	Yes
U2SURP	Yes
PEX11A	Yes
FOXRED1	Yes
AOC3	Yes
LOXL1	Yes
RBP1	Yes
ATP2A3	Yes
MIR449C	Yes
LCP2	Yes
MIR154	Yes
GAA	Yes
SH2B3	Yes
ANG	Yes
PDGFRL	Yes
GNE	Yes
DCAF17	Yes
SLC23A1	Yes
KIF14	Yes
SLC35C1	Yes
MIR338	Yes
MFAP4	Yes
LBR	Yes
MMP3	Yes
ENO3	Yes
GSTO1	Yes
IL13	Yes
GPAM	Yes
CD79B	Yes
SNAP29	Yes
CDO1	Yes
GFM1	Yes
COX10	Yes
SLC17A2	Yes
STARD13	Yes
VSIR	Yes
LBP	Yes
MIR463	Yes
NR1H4	Yes
CRYAB	Yes
LRRC28	Yes
TPI1	Yes
GJC2	Yes
GSTP1	Yes
SLC10A2	Yes
CYLD	Yes
AURKA	Yes
HP	Yes
PCSK2	Yes
PEX12	Yes
COL5A2	Yes
S1PR1	Yes
EIF4EBP2	Yes
ATXN2	Yes
XPA	Yes
CCNB2	Yes
HSPA5	Yes
CCR4	Yes
ZIC4	Yes
MCCC1	Yes
RAD51C	Yes
YWHAH	Yes
MIRLET7I	Yes
TFPI2	Yes
PCBD1	Yes
ZNF257	Yes
CLPB	Yes
ATP7A	Yes
LTB4R1	Yes
PROCR	Yes
CYP7B1	Yes
CCT2	Yes
RT1-DB1	Yes
S1PR4	Yes
ABCC8	Yes
MC3R	Yes
PDHX	Yes
MIR206	Yes
GLB1	Yes
CDC20	Yes
CEBPD	Yes
CLEC4G	Yes
KCNU1	Yes
ALOX5AP	Yes
WDR76	Yes
SBSPON	Yes
CDKN1B	Yes
PAH	Yes
UCHL1	Yes
ARPC1B	Yes
PRAF2	Yes
CHCHD10	Yes
GNAO1	Yes
HRAS	Yes
CD320	Yes
MIR4482	Yes
ABCB6	Yes
ADCY3	Yes
TST	Yes
MIR292	Yes
MAPK1	Yes
RGD1565959	Yes
IL22	Yes
FABP2	Yes
MIRLET7E	Yes
MTHFR	Yes
GALT	Yes
WIPI1	Yes
CNR2	Yes
GNA11	Yes
DPP7	Yes
FTL	Yes
JUND	Yes
ASS1	Yes
PLSCR2	Yes
TJP2	Yes
AMN	Yes
MIS12	Yes
RT1-DOA	Yes
CCK	Yes
PPOX	Yes
IFRD1	Yes
HMGA1	Yes
FOXA1	Yes
BSG	Yes
ARHGAP9	Yes
WNT1	Yes
CADPS2	Yes
ATP7B	Yes
SECISBP2	Yes
EBP	Yes
PEX14	Yes
INHBE	Yes
CCL3	Yes
ITIH3	Yes
RASSF4	Yes
SCD1	Yes
ABAT	Yes
TKFC	Yes
HELLS	Yes
PIWIL2	Yes
TFAM	Yes
FARSB	Yes
PRR13	Yes
PCSK1	Yes
PEX16	Yes
MIR1291	Yes
FLVCR1	Yes
RABGAP1L	Yes
PYD3	Yes
EIF2AK1	Yes
CSF3	Yes
BTC	Yes
SUCLA2	Yes
ALDH4A1	Yes
COX17	Yes
TTR	Yes
FLT1	Yes
SLC51B	Yes
IGF2	Yes
ABL1	Yes
CCR5	Yes
MIR193B	Yes
KRT18	Yes
MST1R	Yes
PLOD2	Yes
TRNK	Yes
IAPP	Yes
ALB	Yes
NAGS	Yes
TAX1BP3	Yes
TNFRSF11B	Yes
LTB	Yes
CCNB1	Yes
SSR4	Yes
FADS1	Yes
NUF2	Yes
CASP3	Yes
ALPK1	Yes
PEX6	Yes
BBC3	Yes
RSPO3	Yes
NR3C1	Yes
PSMB8	Yes
SREBF1	Yes
GINS1	Yes
PHOSPHO1	Yes
SEZ6	Yes
LYZ	Yes
ABCC1	Yes
SERPINB9	Yes
ACSL1	Yes
IFNA1	Yes
MGAT2	Yes
LAP3	Yes
NRP1	Yes
PHKG2	Yes
GPNMB	Yes
FMO1	Yes
RDH3	Yes
PFN1	Yes
CD40LG	Yes
YTHDF2	Yes
XAGE1B	Yes
SHBG	Yes
SPP1	Yes
NDUFS4	Yes
FAM102B	Yes
TMEM106B	Yes
ABCC6	Yes
MLPH	Yes
MIR219A1	Yes
PKLR	Yes
TAGLN2	Yes
CRIP	Yes
DOCK10	Yes
MRPS16	Yes
SERPING1	Yes
KBTBD11	Yes
NEIL3	Yes
CFAP20	Yes
SIRT3	Yes
ACTG1	Yes
ACAT1	Yes
MRAS	Yes
RPE65	Yes
MMAA	Yes
IQGAP2	Yes
CSRNP1	Yes
SERPINA7	Yes
MIR200B	Yes
CAMK1G	Yes
TIMP1	Yes
NAA10	Yes
CCT5	Yes
SERPINA3M	Yes
ACLY	Yes
UGT2B17	Yes
GPR182	Yes
HSPB1	Yes
SNHG11	Yes
G0S2	Yes
KMO	Yes
ABCG8	Yes
TCF19	Yes
ALDH1L1	Yes
ANXA6	Yes
COPS3	Yes
PHKB	Yes
COLEC12	Yes
ADD1	Yes
TBX19	Yes
ATF3	Yes
TEDC2	Yes
MIR126	Yes
TYMP	Yes
CHRM2	Yes
CPT2	Yes
SLC13A5	Yes
MYLK	Yes
HLA-DQA1	Yes
IGF2R	Yes
MIR6815	Yes
TRIO	Yes
MIR222	Yes
FGF7	Yes
CBS	Yes
ACOX3	Yes
MOGS	Yes
FAM89A	Yes
LINC00221	Yes
KRAS	Yes
ANGPTL4	Yes
ACSF3	Yes
TRIM24	Yes
CPB2	Yes
CYTB	Yes
MIR191	Yes
CCDC115	Yes
GRN	Yes
CYP2R1	Yes
NOX1	Yes
GANAB	Yes
SLC25A1	Yes
MRPL3	Yes
TFF1	Yes
MEPE	Yes
NECTIN2	Yes
PDGFA	Yes
RAB32	Yes
AHCY	Yes
ADGRG7	Yes
COX6B1	Yes
PRPH	Yes
PTPN18	Yes
DHRS7	Yes
RT1-DMB	Yes
ANO6	Yes
RGN	Yes
MIR197	Yes
WNT7A	Yes
PTGS1	Yes
PSTPIP1	Yes
HLA-DQB1	Yes
SELENOP	Yes
TOP2A	Yes
APRT	Yes
PDHA1	Yes
PTEN	Yes
CSMD1	Yes
SCO1	Yes
SAT1	Yes
FECH	Yes
AKR1C3	Yes
OAS1A	Yes
SHH	Yes
PTMA	Yes
NCOR1	Yes
MIR1290	Yes
GHR	Yes
OLFML2A	Yes
GDI1	Yes
ARRB2	Yes
EGLN3	Yes
MIR194-2	Yes
VWF	Yes
CST3	Yes
HK2	Yes
CPT1A	Yes
CLEC16A	Yes
PRKAA2	Yes
BDNF	Yes
HGFAC	Yes
CDC25C	Yes
TMEM117	Yes
PALB2	Yes
SLCO1A1	Yes
GJB1	Yes
ABCB1B	Yes
C1QTNF6	Yes
MST1	Yes
UHRF1	Yes
TMEM199	Yes
CD44	Yes
SLC37A4	Yes
OPA3	Yes
SLC9A1	Yes
FANCB	Yes
GSTM1	Yes
BAMBI	Yes
TNFRSF14	Yes
ATIC	Yes
AP2S1	Yes
IL10	Yes
IRAK1	Yes
SIX3	Yes
EPCAM	Yes
ADRA1A	Yes
ERP29	Yes
STAR	Yes
MKI67	Yes
HPD	Yes
BCKDK	Yes
IL6	Yes
NPY1R	Yes
LCN2	Yes
MMUT	Yes
MYO5B	Yes
RGD1307603	Yes
PLVAP	Yes
FKBP1A	Yes
OTUB2	Yes
NBEA	Yes
CD34	Yes
DCD	Yes
ECHS1	Yes
EPC2	Yes
MIR192	Yes
TRNS2	Yes
SGSH	Yes
MIR615	Yes
RDH13	Yes
ISCA2	Yes
TUBA1B	Yes
KIF18B	Yes
CCNE1	Yes
NAT8	Yes
MT1A	Yes
SPINT2	Yes
HSD17B4	Yes
LIMK2	Yes
ENPP2	Yes
ABCC3	Yes
CALB2	Yes
DBH	Yes
DNAJC12	Yes
NME2	Yes
SLPI	Yes
COA5	Yes
KIF23	Yes
DDIT3	Yes
HIKESHI	Yes
IL27	Yes
THBD	Yes
ACKR3	Yes
ADA	Yes
MVK	Yes
AGXT2	Yes
SLC22A12	Yes
NBAS	Yes
CYCS	Yes
PNPT1	Yes
MAOB	Yes
SOAT1	Yes
SGCB	Yes
CYP26A1	Yes
PIEZO1	Yes
HSD17B2	Yes
HOXA10	Yes
HPCL2	Yes
AKT1	Yes
GRK5	Yes
NPHP3	Yes
PRDX1	Yes
IDH1	Yes
STX16	Yes
PLSCR1	Yes
TIMD4	Yes
GASK1B	Yes
TNK2	Yes
RHOQ	Yes
UGT2B	Yes
GNAS-AS1	Yes
ADH4	Yes
SLC4A2	Yes
CYP1B1	Yes
STAT1	Yes
DNAJB9	Yes
AGFG1	Yes
SENP2	Yes
GPX1	Yes
CRP	Yes
APPL1	Yes
ARHGAP11A	Yes
APBB1IP	Yes
UGDH	Yes
GCLC	Yes
TRNT	Yes
SH2B1	Yes
SRP72	Yes
RPS6	Yes
YBX1	Yes
DRAM1	Yes
RGD1566227	Yes
NFKBIA	Yes
LDLRAP1	Yes
CA12	Yes
CD81	Yes
DCN	Yes
CPS1	Yes
HOXD9	Yes
FCGR3A	Yes
DNAJC6	Yes
HIP1	Yes
AMT	Yes
NEUROD1	Yes
SIRT7	Yes
XPR1	Yes
BCL2A1D	Yes
MIR26B	Yes
PYGM	Yes
LIFR	Yes
LDHB	Yes
ANLN	Yes
TPP1	Yes
PAM	Yes
PYCR2	Yes
MIR27B	Yes
SHC1	Yes
ACAD8	Yes
SDHAF2	Yes
SLC16A7	Yes
CYP21A2	Yes
IL18BP	Yes
MAPK8IP1	Yes
ADH1A	Yes
NOS3	Yes
GAMT	Yes
RAB27A	Yes
COQ4	Yes
COA6	Yes
TARDBP	Yes
NFKBIE	Yes
BCL2L11	Yes
CHSY1	Yes
MIR4448	Yes
ENO1	Yes
BAK1	Yes
GPX8	Yes
AFF4	Yes
GNG8	Yes
POR	Yes
PLIN2	Yes
PLA2G6	Yes
MIR149	Yes
DCLRE1C	Yes
ATPAF1	Yes
PCK1	Yes
RPGRIP1L	Yes
LIPC	Yes
FADD	Yes
RPH3AL	Yes
MIR301A	Yes
PLA2G7	Yes
ANK3	Yes
FABP1	Yes
UROD	Yes
CHAF1B	Yes
MIR2116	Yes
WDR45	Yes
SCAP	Yes
IFI35	Yes
TMPRSS15	Yes
AVP	Yes
SLC6A9	Yes
UNC5CL	Yes
SYNRG	Yes
ACADVL	Yes
PRUNE2	Yes
ADAMTSL2	Yes
UGT1A	Yes
HNRNPA1	Yes
LAMA1	Yes
HRH2	Yes
IER3IP1	Yes
ALG8	Yes
MCM6	Yes
ECT2	Yes
SELENOW	Yes
HSD11B1	Yes
GP2	Yes
IGF1	Yes
FOXN1	Yes
CACNA1S	Yes
FLCN	Yes
MAPK14	Yes
ATF4	Yes
HGF	Yes
ACTR3	Yes
MIR184	Yes
ABCB4	Yes
CHN2	Yes
TRPV1	Yes
KCNK16	Yes
BCR	Yes
SERPINB2	Yes
C7	Yes
HIF1A	Yes
RAPGEF3	Yes
THBS2	Yes
MIR375	Yes
UBE2E2	Yes
MIR34C	Yes
ERCC8	Yes
PTTG1	Yes
SUMO4	Yes
HAGH	Yes
CASP1	Yes
GNPDA1	Yes
LMNB2	Yes
GABRG2	Yes
DHRS3	Yes
RGS5	Yes
GPIHBP1	Yes
BGLAP	Yes
DENND1B	Yes
RAB30	Yes
BRCA2	Yes
PPAT	Yes
MIR1296	Yes
SLC16A12	Yes
GALE	Yes
FGA	Yes
TNFSF10	Yes
GSR	Yes
AMPD1	Yes
RCN1	Yes
MIR1246	Yes
HAMP2	Yes
ADRB1	Yes
KHK	Yes
AP3D1	Yes
GCSH	Yes
TCIM	Yes
SCN4A	Yes
GSTM2	Yes
GC	Yes
RELL1	Yes
FDFT1	Yes
A2M	Yes
GRP	Yes
RT1-BA	Yes
MMP15	Yes
TTC39A	Yes
PRKCD	Yes
EP300	Yes
BLOC1S3	Yes
STAT3	Yes
SOX4	Yes
SLFN2	Yes
TMEM38B	Yes
C5AR1	Yes
AP3S1	Yes
HHEX	Yes
POMC	Yes
TIAL1	Yes
MIR148A	Yes
CDH5	Yes
CXCL14	Yes
SI	Yes
INA	Yes
RGD1562339	Yes
MIR10B	Yes
CRHBP	Yes
RNASE4	Yes
TONSL	Yes
ASMT	Yes
MIR365A	Yes
SNX10	Yes
HGSNAT	Yes
PQLC3	Yes
PTGER2	Yes
CDKN2AIPNL	Yes
SERPINA4	Yes
CCNF	Yes
DOCK7	Yes
CYP8B1	Yes
MIR3173	Yes
FOLR1	Yes
DNAJC19	Yes
RECK	Yes
LGALS3BP	Yes
XDH	Yes
MIR103-1	Yes
CD38	Yes
CPOX	Yes
MIR1307	Yes
TRMT10C	Yes
HBA1	Yes
SLC6A20	Yes
ASL	Yes
PTPRO	Yes
NEGR1	Yes
KB15	Yes
NEFH	Yes
MGAT5	Yes
INMT	Yes
MCM4	Yes
MAGEA6	Yes
FANCF	Yes
ID2	Yes
MAOA	Yes
ACOX2	Yes
GK	Yes
PPARG	Yes
UNC93B1	Yes
LINGO2	Yes
MVP	Yes
CD14	Yes
SLC17A3	Yes
PPP1R1A	Yes
RMDN2	Yes
BSCL2	Yes
CARTPT	Yes
SERPINH1	Yes
RNF6	Yes
PON1	Yes
BACH2	Yes
PPAP2A	Yes
OCA2	Yes
MIR1-1	Yes
SLC44A2	Yes
TFR2	Yes
FBXL18	Yes
RGS3	Yes
EGF	Yes
MIR30D	Yes
KLF14	Yes
MIR939	Yes
ROBO2	Yes
EDNRA	Yes
B2M	Yes
LMO2	Yes
REEP5	Yes
CD36	Yes
HDC	Yes
VKORC1	Yes
BAP1	Yes
COG7	Yes
TSC22D1	Yes
AP3B1	Yes
ASNS	Yes
OAT	Yes
CYP7A1	Yes
MAD2L1	Yes
MIR347	Yes
STAB2	Yes
ALG3	Yes
FRY	Yes
CFAP410	Yes
CENPE	Yes
D2HGDH	Yes
SNORD118	Yes
HLA-DPB1	Yes
SAMD11	Yes
MACROD2	Yes
VCP	Yes
WLS	Yes
RFXANK	Yes
KRT19	Yes
ADAM17	Yes
LTA	Yes
CD3D	Yes
TNFAIP8	Yes
NR4A1	Yes
ACADSB	Yes
INPP5D	Yes
HSPA1A	Yes
MYO1C	Yes
MAD2L2	Yes
GDPD3	Yes
CSAD	Yes
TSTD3	Yes
SOD1	Yes
NUDT16	Yes
KL	Yes
ETHE1	Yes
MIR195	Yes
MITF	Yes
ERAP1	Yes
CD200R1	Yes
ADAMTS9	Yes
SLC20A1	Yes
HIGD2A	Yes
XPNPEP2	Yes
MIR10A	Yes
HCK	Yes
MIR361	Yes
MIR127	Yes
PRDX2	Yes
KCNJ11	Yes
PSAP	Yes
C1S	Yes
PPARGC1A	Yes
PDLIM5	Yes
MTRR	Yes
CDKN2A	Yes
CD274	Yes
ACAD9	Yes
SRP54	Yes
DPM2	Yes
TRP53	Yes
HSD17B3	Yes
ALDH6A1	Yes
SEC23B	Yes
AKR7A3	Yes
CYP2C9	Yes
CARS2	Yes
JDP2	Yes
ORC1	Yes
INHBC	Yes
CTH	Yes
TYMS	Yes
RRM2	Yes
TROAP	Yes
C8G	Yes
HADHB	Yes
ABCG1	Yes
MGP	Yes
CPN1	Yes
PLK1	Yes
PTH	Yes
PPP1R3A	Yes
SLC2A4	Yes
MLYCD	Yes
MIR221	Yes
UQCC3	Yes
HSD11B2	Yes
LGALSL	Yes
C2CD4A	Yes
MGME1	Yes
COX3	Yes
BMP2	Yes
GGH	Yes
HSDL2	Yes
MTFMT	Yes
MIR378I	Yes
PRKACA	Yes
GZMA	Yes
DHCR24	Yes
HBA-A1	Yes
PPARA	Yes
MMP14	Yes
IBA57	Yes
MIR1303	Yes
ATG7	Yes
MIR30C2	Yes
TERT	Yes
STAT4	Yes
DBNDD2	Yes
F5	Yes
MIR22	Yes
USP48	Yes
EXO1	Yes
GNAI2	Yes
SC5D	Yes
TUBA4A	Yes
B9D1	Yes
ABI1	Yes
MIR132	Yes
DPYD	Yes
PLPP2	Yes
AMMECR1	Yes
TNFRSF12A	Yes
FASN	Yes
OSMR	Yes
WRN	Yes
ADAMTS1	Yes
PCYT1A	Yes
MIR6852	Yes
FGF12	Yes
CTSK	Yes
ALG6	Yes
INS2	Yes
MTCH2	Yes
FASLG	Yes
ZFYVE16	Yes
MACO1	Yes
ASPG	Yes
IL12A	Yes
GBP4	Yes
MIR218-1	Yes
MIR17	Yes
ZMIZ1	Yes
KIF3C	Yes
COASY	Yes
SQLE	Yes
TGFB1	Yes
SLC25A4	Yes
MAP3K5	Yes
MIR153	Yes
SPTAN1	Yes
MIR139	Yes
ISCU	Yes
CTSE	Yes
CIDEA	Yes
LDLR	Yes
CALCR	Yes
PRDX3	Yes
DLGAP5	Yes
MIR27A	Yes
RGS2	Yes
ZDHHC13	Yes
GLIPR1	Yes
SLC25A3	Yes
IGF2BP3	Yes
BPNT1	Yes
ASPA	Yes
ARG1	Yes
HIBCH	Yes
COPS5	Yes
SLC12A3	Yes
S1PR2	Yes
COX15	Yes
C12ORF65	Yes
MIR125B2	Yes
MIR98	Yes
MIR30A	Yes
MCCC2	Yes
SLC6A8	Yes
PARP1	Yes
SLC46A1	Yes
CDC25B	Yes
TAP1	Yes
FMNL1	Yes
VLDLR	Yes
CYP19A1	Yes
FZD8	Yes
MIR351	Yes
MIR345	Yes
R3HDM2	Yes
TM6SF1	Yes
STK10	Yes
MIR200A	Yes
ES2	Yes
PON2	Yes
PEX7	Yes
PXDN	Yes
APOC3	Yes
HADH	Yes
NFXL1	Yes
NCOR2	Yes
BDKRB1	Yes
PGLS	Yes
LDHA	Yes
QDPR	Yes
CAST	Yes
CCDC80	Yes
PNPLA3	Yes
SPINK1	Yes
PET100	Yes
ACHE	Yes
PML	Yes
ADGRE1	Yes
ZEB2	Yes
LAT	Yes
OGDH	Yes
PSEN1	Yes
MIR627	Yes
LTA4H	Yes
FAAH	Yes
ANGPTL6	Yes
VIPR1	Yes
CA3	Yes
MIR532	Yes
IRS1	Yes
KNG1	Yes
PPP1R17	Yes
FCN3	Yes
SYP	Yes
VASP	Yes
KLLN	Yes
DMP1	Yes
MARS1	Yes
COX1	Yes
IL1RAP	Yes
CXCR5	Yes
HPCAL1	Yes
PRKCE	Yes
MIR125B1	Yes
COG2	Yes
LGR4	Yes
MIR141	Yes
NHLH2	Yes
ABCB11	Yes
ACE	Yes
CYC1	Yes
GCHFR	Yes
APEX1	Yes
CA5A	Yes
S100A10	Yes
GUSB	Yes
MIR877	Yes
INPP5E	Yes
HPS3	Yes
APLN	Yes
MBL2	Yes
ISYNA1	Yes
FGFR1	Yes
SERPINA3K	Yes
HOGA1	Yes
TTC36	Yes
ALDH2	Yes
BIRC5	Yes
SLC4A4	Yes
ARL11	Yes
GBE1	Yes
ALDH3A2	Yes
FGF23	Yes
MIR107	Yes
ANXA5	Yes
CC2D2A	Yes
AUH	Yes
CACNA1F	Yes
NR1I3	Yes
CES2	Yes
METRNL	Yes
GPR68	Yes
COG5	Yes
UQCRQ	Yes
PRKCH	Yes
MRAP2	Yes
NPAP1	Yes
SULT1C3	Yes
PLD4	Yes
ABCG2	Yes
TRNI	Yes
CLP1	Yes
COMT	Yes
MIR30E	Yes
COQ8A	Yes
PCOLCE	Yes
NRROS	Yes
CREBBP	Yes
TMEM178	Yes
PTAFR	Yes
KCNJ8	Yes
ZFP36	Yes
MIR203A	Yes
ACTB	Yes
MOK	Yes
MIR99A	Yes
TRH	Yes
CHRM3	Yes
ARMCX1	Yes
PRNP	Yes
DNASE1L3	Yes
SCFD1	Yes
SDC3	Yes
CLIC1	Yes
IL9	Yes
CASP12	Yes
CTNS	Yes
NID1	Yes
INS-IGF2	Yes
WRB	Yes
SNX18	Yes
HLA-A	Yes
MMP2	Yes
BLK	Yes
MMEL1	Yes
BBOX1	Yes
RMND1	Yes
HDAC2	Yes
ACBD4	Yes
PDSS1	Yes
AHR	Yes
MYO1B	Yes
IL33	Yes
PLA2G4A	Yes
ENPEP	Yes
MYO9B	Yes
APOA4	Yes
NR4A3	Yes
LSS	Yes
RGD1561149	Yes
FAS	Yes
PMCH	Yes
RMST	Yes
TACO1	Yes
GFER	Yes
SLC25A26	Yes
GSK3B	Yes
UGT1A1	Yes
SRGN	Yes
SULT2A1	Yes
PANK2	Yes
SETX	Yes
IQGAP1	Yes
GPHN	Yes
NUSAP1	Yes
GADD45A	Yes
TGM1	Yes
TMEM18	Yes
MIR33B	Yes
SLC9A3R1	Yes
SLC9A4	Yes
HSF1	Yes
POLG2	Yes
PDZRN3	Yes
FANCD2	Yes
ARNT	Yes
ABHD5	Yes
MIR8061	Yes
MTMR7	Yes
RNF43	Yes
USP5	Yes
NOTCH1	Yes
NCKAP1L	Yes
IL10RB	Yes
MIR1285-1	Yes
VCL	Yes
HEXIM1	Yes
GSTA4	Yes
ABCC6A	Yes
FCGR1A	Yes
TGFBR1	Yes
DNAJC3	Yes
HYAL1	Yes
FANCG	Yes
IDUA	Yes
CYP2K18	Yes
KMT2C	Yes
GSX2	Yes
LGMN	Yes
MIR130B	Yes
PFKM	Yes
AGPS	Yes
BLVRB	Yes
PPM1B	Yes
PNPLA8	Yes
SKA1	Yes
VARS2	Yes
HOPX	Yes
MIR409	Yes
GSTA3	Yes
RAB8B	Yes
MFF	Yes
FAM180A	Yes
AVPR2	Yes
HFE	Yes
IFIH1	Yes
TACSTD2	Yes
COX7C	Yes
SLC5A2	Yes
UBE2T	Yes
SAMHD1	Yes
PSPH	Yes
GABRR2	Yes
AIFM1	Yes
MOCS2	Yes
CDK1	Yes
COG8	Yes
PANX1	Yes
PSME2	Yes
ACACA	Yes
NPHS1	Yes
FOXP3	Yes
TRPV4	Yes
CNTNAP4	Yes
NDRG1	Yes
GLIS3	Yes
NCAPG	Yes
MIR183	Yes
MIR99B	Yes
MIR125A	Yes
AKTIP	Yes
HSPD1	Yes
RPS6KA3	Yes
DDC	Yes
GNPTAB	Yes
GADL1	Yes
MIR151B	Yes
MIR327	Yes
MIR26A	Yes
FANCM	Yes
AGPAT2	Yes
TALDO1	Yes
PFKFB3	Yes
MIR350	Yes
OLFML3	Yes
CDKN2C	Yes
SRSF5	Yes
IGF2BP1	Yes
E2F1	Yes
CYP3A23/3A1	Yes
BCL2L1	Yes
PTS	Yes
CD80	Yes
ND1	Yes
RSU1	Yes
S100A11	Yes
PEX1	Yes
TRMT10A	Yes
HMGB1	Yes
CLCN5	Yes
ASF1B	Yes
PIK3CA	Yes
CLN3	Yes
CPT1B	Yes
ASPM	Yes
ITGB3	Yes
PRKCB	Yes
LYRM7	Yes
TATDN1	Yes
SLC22A3	Yes
SLC40A1	Yes
CYP2A5	Yes
VASN	Yes
ZBTB20	Yes
TBC1D4	Yes
DHCR7	Yes
TRIM37	Yes
CTTNBP2NL	Yes
GSTT1B	Yes
TMEM67	Yes
UMPS	Yes
BAAT	Yes
ARSB	Yes
SLC26A6	Yes
DACT2	Yes
CDK4	Yes
EZH2	Yes
GORAB	Yes
AP1S1	Yes
PTF1A	Yes
LAMC2	Yes
FTL1	Yes
MIR589	Yes
MIR23B	Yes
GPX3	Yes
TTC19	Yes
GMNN	Yes
PRPS1	Yes
DEPP1	Yes
FAM111B	Yes
ND5	Yes
ASH1L	Yes
PLIN1	Yes
IL1B	Yes
MIR29C	Yes
FGB	Yes
IL6R	Yes
SFRP1	Yes
ALDH1L2	Yes
MC1R	Yes
NEK2	Yes
TUBB6	Yes
IGH-6	Yes
SBDS	Yes
LILRB5	Yes
ARNTL	Yes
TK2	Yes
RHAG	Yes
TNFRSF9	Yes
GNAS	Yes
TRNQ	Yes
C2CD4B	Yes
TAZ	Yes
PDGFB	Yes
GTPBP3	Yes
SNCA	Yes
FGF21	Yes
MALAT1	Yes
SLC2A2	Yes
RRM2B	Yes
RETN	Yes
GALNT3	Yes
ME1	Yes
NR1I2	Yes
TTK	Yes
CAPN8	Yes
MIR1343	Yes
FOXO3	Yes
RAG2	Yes
GNS	Yes
NFKB1	Yes
HMGN5B	Yes
CYP2T1	Yes
ZDHHC23	Yes
NDUFB7	Yes
TBL1XR1	Yes
CAV3	Yes
COG4	Yes
PTK2	Yes
RCAN1	Yes
PKD2	Yes
MIR1908	Yes
EXTL1	Yes
TRNL1	Yes
POLH	Yes
FN1	Yes
SU(R)	Yes
SLC6A19	Yes
HOXA3	Yes
BLM	Yes
SERPINA3N	Yes
GPX4	Yes
ARID1A	Yes
GPX2	Yes
CDCA3	Yes
MTOR	Yes
MINDY3	Yes
NAMPT	Yes
JUN	Yes
DUS1L	Yes
CES1G	Yes
MIR1260A	Yes
IL15	Yes
RGD1563818	Yes
NT5E	Yes
FOSB	Yes
NPDC1	Yes
BCS1L	Yes
CLSTN2	Yes
SRI	Yes
MIR1249	Yes
MIR217	Yes
AGL	Yes
AGA	Yes
MIR196B	Yes
C9ORF72	Yes
PITX1	Yes
PLTP	Yes
PEX11B	Yes
MIR2861	Yes
CKB	Yes
SQSTM1	Yes
LCP1	Yes
ALAS2	Yes
CLEC4F	Yes
ND4	Yes
SUCLG2	Yes
MAP1LC3B	Yes
PMEPA1	Yes
MIRLET7C	Yes
MGMT	Yes
CALCA	Yes
SLC7A1	Yes
VSIG4	Yes
SELENOM	Yes
DBX1	Yes
CCL20	Yes
F9	Yes
TSPAN8	Yes
PTPRD	Yes
FAM49A	Yes
GCGR	Yes
PNP	Yes
CDC45	Yes
ARID1B	Yes
LSP1	Yes
OCRL	Yes
PGK1	Yes
RPIA	Yes
ABCB1A	Yes
MAP3K8	Yes
DGKD	Yes
AGXT	Yes
CYP3A13	Yes
GNPDA2	Yes
UROC1	Yes
TGFB3	Yes
SLX4	Yes
DBT	Yes
GPT	Yes
IGG-2A	Yes
IFI27	Yes
GFPT1	Yes
FFAR4	Yes
HAO1	Yes
SAMD9	Yes
TYK2	Yes
SLC17A1	Yes
GRIA3	Yes
UGT1A9	Yes
CNKSR2	Yes
BCHE	Yes
MSN	Yes
DEPDC1B	Yes
PAQR9	Yes
CELF2	Yes
P4HB	Yes
PLG	Yes
PUS1	Yes
CABCOCO1	Yes
CCT3	Yes
DES	Yes
LIN7A	Yes
CCDC126	Yes
PTER	Yes
SLC12A2	Yes
ADH1	Yes
ABCC2	Yes
WDR17	Yes
IL2	Yes
ORM1	Yes
TYRP1	Yes
TRNC	Yes
PAN2	Yes
HAO2	Yes
ATP5F1E	Yes
DNM1L	Yes
SNAI1	Yes
LGALS3	Yes
NDC80	Yes
PPP3CA	Yes
LGALS2	Yes
CIITA	Yes
IL31RA	Yes
TNF	Yes
CES3	Yes
ARRB1	Yes
ATP6V0A4	Yes
CACNA1C	Yes
ZNF23	Yes
CSGALNACT1	Yes
COX20	Yes
COL4A1	Yes
NPC2	Yes
FATE1	Yes
RTN4	Yes
DUSP6	Yes
ITPA	Yes
GRHPR	Yes
BCO2	Yes
INPP4B	Yes
CLN6	Yes
MIR207	Yes
TRNN	Yes
TDO2	Yes
TRNP	Yes
PRF1	Yes
CCR2	Yes
INSIG2	Yes
MIR214	Yes
ACTN4	Yes
ALAD	Yes
STIM1	Yes
FARS2	Yes
CLDN19	Yes
CFH	Yes
MIR205	Yes
TIAM1	Yes
MYOC	Yes
MIR574	Yes
WSCD1	Yes
CNDP2	Yes
VEGFA	Yes
PSMA4	Yes
ANXA3	Yes
HOXA13	Yes
CASQ1	Yes
SIM1	Yes
SIX2	Yes
DBR1	Yes
KMT2B	Yes
ANXA4	Yes
MPV17	Yes
TM4SF4	Yes
KIF20A	Yes
BCKDHA	Yes
JADE2	Yes
PLEKHA1	Yes
SLC25A20	Yes
PHGDH	Yes
KIF5B	Yes
SLC6A1	Yes
NOTCH2	Yes
RET	Yes
A1BG	Yes
L3HYPDH	Yes
PTPN1	Yes
F2	Yes
CD200R2	Yes
KDR	Yes
DMGDH	Yes
MRC1	Yes
CYP3A11	Yes
MYADM	Yes
ENO2	Yes
ADRB2	Yes
PDE8B	Yes
CHIT1	Yes
AGER	Yes
GALNT13	Yes
TAT	Yes
COA8	Yes
GAS7	Yes
TICRR	Yes
LRAT	Yes
CCDC92	Yes
CDT1	Yes
TRAFD1	Yes
TRIB3	Yes
MIR92B	Yes
AKR1C19	Yes
MIR210	Yes
ACOX1	Yes
SPIB	Yes
TLR4	Yes
TP53	Yes
INHBA	Yes
DTL	Yes
WDR1	Yes
ZWINT	Yes
MTBP	Yes
AQP7	Yes
OXT	Yes
CYP1A2	Yes
MAT1A	Yes
TBXA2R	Yes
GSTA1	Yes
MIR652	Yes
MLH3	Yes
FANCC	Yes
GNMT	Yes
GLP1R	Yes
MBTPS1	Yes
GNAZ	Yes
ETFDH	Yes
SERAC1	Yes
TYROBP	Yes
DDOST	Yes
KLB	Yes
SLC10A7	Yes
TOR4A	Yes
ABCG5	Yes
STEAP4	Yes
MIR704	Yes
OCLN	Yes
HMBS	Yes
ABCA1	Yes
FTO	Yes
MIR331	Yes
GSN	Yes
NQO2	Yes
ENTPD6	Yes
GRK4	Yes
PRKAR1A	Yes
ACP2	Yes
RNASE6	Yes
CPEB3	Yes
PIGY	Yes
SDHD	Yes
CTLA4	Yes
MKRN3	Yes
MARCO	Yes
PFKP	Yes
AXL	Yes
CLN8	Yes
CCNH	Yes
VPS33A	Yes
HHIP	Yes
CELA2A	Yes
AFM	Yes
MSH6	Yes
SREBF2	Yes
H6PD	Yes
GPR143	Yes
MLH1	Yes
COQ9	Yes
TCTN1	Yes
SEC63	Yes
COMMD1	Yes
CYP11B1	Yes
C6	Yes
HMGB2	Yes
PEMT	Yes
HPS1	Yes
PIK3R1	Yes
CLEC11A	Yes
OGG1	Yes
CLEC1B	Yes
SARDH	Yes
PPP4R3C	Yes
CD74	Yes
HMGCR	Yes
GPC6	Yes
TTPA	Yes
CLEC4A1	Yes
ACOT1	Yes
HPGDS	Yes
MIR134	Yes
PLXDC1	Yes
TMSB4X	Yes
NONO	Yes
NTRK2	Yes
LAMP2	Yes
SNAP23	Yes
CAVIN1	Yes
SLC38A9	Yes
CYP24A1	Yes
PHLDA1	Yes
MIR4492	Yes
CYB5A	Yes
GHRL	Yes
MECP2	Yes
MIR19A	Yes
FNDC4	Yes
NR0B2	Yes
ARID2	Yes
MIR760	Yes
ABCB1	Yes
WDR62	Yes
BCL3	Yes
MAP1LC3A	Yes
CXCL10	Yes
CBLIF	Yes
XPC	Yes
GBA	Yes
MT1E	Yes
CYP2A2	Yes
SULT1E1	Yes
SLC22A10	Yes
ERN1	Yes
ATP5F1A	Yes
MSH5	Yes
ANXA2	Yes
MBOAT7	Yes
DPYS	Yes
SLC1A1	Yes
C3	Yes
VDR	Yes
MIR34A	Yes
ADD3	Yes
ORAI1	Yes
SMOC2	Yes
EIF2AK3	Yes
HMMR	Yes
BCKDHB	Yes
SDS	Yes
TH	Yes
ND2	Yes
SLC3A1	Yes
CYP26B1	Yes
RAB21	Yes
AASS	Yes
MIR377	Yes
IGFBP2	Yes
ETFA	Yes
FASTKD2	Yes
NOX4	Yes
THYN1	Yes
KITL	Yes
SKA3	Yes
PIGW	Yes
DECR1	Yes
SKAP2	Yes
PNPO	Yes
SUGCT	Yes
ALG9	Yes
NR1H2	Yes
MFSD8	Yes
ADAM8	Yes
FMO3	Yes
MARS2	Yes
CCS	Yes
RAB40B	Yes
NDUFAF2	Yes
DPP10	Yes
OTULINL	Yes
UGT1A4	Yes
YARS2	Yes
NKX6-1	Yes
KIFC1	Yes
TPM1	Yes
IVD	Yes
MFGE8	Yes
ABCD1	Yes
S1PR5	Yes
SLC52A1	Yes
PWRN1	Yes
YWHAZ	Yes
C1QB	Yes
CASP7	Yes
ANTXR2	Yes
GPR158	Yes
HMG20A	Yes
BHMT	Yes
SLC43A2	Yes
CENPU	Yes
SLC39A6	Yes
MAF	Yes
PPM1K	Yes
MIR144	Yes
CYP2B9	Yes
CANX	Yes
UQCC2	Yes
HYMAI	Yes
SLC25A29	Yes
GNGT2	Yes
FANCI	Yes
TKT	Yes
PNKP	Yes
HNF1A	Yes
MIR290	Yes
TMEM43	Yes
COX14	Yes
CLU	Yes
DIPK2A	Yes
USP2	Yes
TAP2	Yes
SNRPN	Yes
NHEJ1	Yes
RARS1	Yes
ACOT9	Yes
FGF19	Yes
APOL9A	Yes
RAD51	Yes
CTSF	Yes
S100A6	Yes
ANXA1	Yes
COL5A1	Yes
GSTM4	Yes
MIR872	Yes
ANGPTL3	Yes
CDS1	Yes
LY86	Yes
GCDH	Yes
SNORD116-1	Yes
CCL2	Yes
ELOVL5	Yes
CROT	Yes
SLC25A47	Yes
FLAD1	Yes
MIR352	Yes
TXN2	Yes
MIR300	Yes
MIR18A	Yes
CYP2B10	Yes
ITGB2	Yes
IGBP1	Yes
HPSE	Yes
IFNA	Yes
MIR140	Yes
CFD	Yes
AURKB	Yes
SPG11	Yes
NAGA	Yes
NOL3	Yes
SLC20A2	Yes
MIR122	Yes
SP1	Yes
KCNJ18	Yes
CYP2C29	Yes
EZR	Yes
ARHGAP30	Yes
NR1D1	Yes
GCNT1	Yes
SLC7A9	Yes
MIR328	Yes
CENPW	Yes
U2AF1	Yes
PMS2	Yes
WFDC21	Yes
IFNAR2	Yes
PHF6	Yes
TTLL9	Yes
LPXN	Yes
RRM1	Yes
XIAP	Yes
MIR1468	Yes
ABCD3	Yes
CHEK2	Yes
ADIPQTL3	Yes
GNB3	Yes
FXYD5	Yes
IRF2	Yes
MAGEL2	Yes
MX1	Yes
LGALS1	Yes
PLA2G12A	Yes
ITGB1	Yes
ID4	Yes
SPMD1	Yes
MAGEA3	Yes
CRABP2	Yes
PCK2	Yes
CLEC4M	Yes
PPARGC1B	Yes
LETM1	Yes
MCEE	Yes
NOTCH3	Yes
FIG4	Yes
HPRT	Yes
NQO1	Yes
FAM65C	Yes
BID	Yes
CD5L	Yes
CYP2D6	Yes
HAMP	Yes
PRLR	Yes
CYP4A3	Yes
SERPINA1	Yes
PYCR1	Yes
EREG	Yes
CYP3A2	Yes
PAX4	Yes
C19ORF12	Yes
FBP1	Yes
MAN2B1	Yes
GSTA2	Yes
PGAP2	Yes
ELAC2	Yes
CENPA	Yes
SORL1	Yes
SMAD5	Yes
PEG3	Yes
PKP1	Yes
COG6	Yes
TCF20	Yes
MIR6803	Yes
MTO1	Yes
EIF2AK4	Yes
GYS2	Yes
MIRLET7G	Yes
ZIC2	Yes
CTSH	Yes
PAMR1	Yes
PALMD	Yes
SMAD4	Yes
CAMKMT	Yes
CYP2A4	Yes
MIR212	Yes
PRDX6	Yes
MTTP	Yes
ICAM3	Yes
NUBPL	Yes
FAM234A	Yes
CCNG1	Yes
BICD2	Yes
ADM	Yes
THBS1	Yes
CAPG	Yes
PTHLH	Yes
AADAC	Yes
IGFBP7	Yes
TRPM6	Yes
ACACB	Yes
CAPN10	Yes
BMP6	Yes
CXCL13	Yes
ATRN	Yes
IL4	Yes
KIF15	Yes
SLC34A3	Yes
LRP2	Yes
UNC13A	Yes
CD276	Yes
MIR320A	Yes
SLC2A9	Yes
LIAS	Yes
BRAF	Yes
PRDX4	Yes
GTSE1	Yes
DPP6	Yes
CBR1	Yes
CAV1	Yes
GLS2	Yes
MELK	Yes
RGD1309534	Yes
MAFG	Yes
BCL2	Yes
STS	Yes
ND6	Yes
SPN	Yes
HULC	Yes
IL2RG	Yes
DARS2	Yes
AGRP	Yes
LRRFIP1	Yes
EFNB1	Yes
MIR376C	Yes
DTNBP1	Yes
HJV	Yes
FGF3	Yes
PCCB	Yes
RAD54L	Yes
GDF2	Yes
BDKRB2	Yes
AKT2	Yes
ALDH1A1	Yes
PSMA5	Yes
CTC1	Yes
ECE1	Yes
GULO	Yes
GH1	Yes
MIR421	Yes
CCN1	Yes
GZMB	Yes
MIR181C	Yes
CD3E	Yes
ITGA1	Yes
ANKRD11	Yes
PPTC7	Yes
MIR339	Yes
SLC15A3	Yes
ERCC2	Yes
BTD	Yes
MIR150	Yes
AMACR	Yes
IKBKB	Yes
LTC4S	Yes
LOXL2	Yes
KDM8	Yes
APCDD1	Yes
SLC39A8	Yes
MIR5588	Yes
GRB14	Yes
PDLIM4	Yes
ANXA7	Yes
TSPO	Yes
HSD3B2	Yes
MMP13	Yes
LEP	Yes
CD63	Yes
PGM1	Yes
RACGAP1	Yes
F3	Yes
PCNA	Yes
EPS8L3	Yes
CCND2	Yes
FABP7	Yes
CEP55	Yes
MIR423	Yes
PYY	Yes
MIR152	Yes
ARHGDIB	Yes
STMN1	Yes
BRD4	Yes
TGM3	Yes
SERPINC1	Yes
KRT8	Yes
GMFG	Yes
SLC30A8	Yes
IFNL3	Yes
PNRC1	Yes
IL19	Yes
NEU1	Yes
TXN	Yes
SPC25	Yes
LEPR	Yes
HPS5	Yes
ACADM	Yes
KLK1	Yes
G6PD	Yes
THADA	Yes
CYP2C	Yes
AXIN1	Yes
CD69	Yes
MIR30B	Yes
ACP5	Yes
EFNB2	Yes
SLC26A1	Yes
AKAP1	Yes
AIDA	Yes
HEXB	Yes
LIF	Yes
COX8A	Yes
UBE2L3	Yes
MCOLN1	Yes
SMAD3	Yes
MAPT	Yes
TFEC	Yes
EPO	Yes
CETP	Yes
ZSCAN22	Yes
RUNX3	Yes
CYP11A1	Yes
NSMF	Yes
ND4L	Yes
CLEC4A3	Yes
MYL9	Yes
TBC1D1	Yes
TFF3	Yes
CYBA	Yes
DAAM2	Yes
CCNDBP1	Yes
SLC35A2	Yes
MYO1F	Yes
DYSF	Yes
ADCY5	Yes
GFAP	Yes
GPR155	Yes
BUB1	Yes
POLD1	Yes
SESN2	Yes
EMB	Yes
GCK	Yes
LIPE	Yes
ALDH1A7	Yes
GRIK2	Yes
HLA-C	Yes
RXRA	Yes
COL1A2	Yes
IGSF6	Yes
PLIN3	Yes
ALG12	Yes
CCDC134	Yes
RPS6KB1	Yes
EPB41L2	Yes
HNF1B	Yes
PSMB10	Yes
KCNQ1	Yes
COG1	Yes
ACTN1	Yes
CEP131	Yes
BMP7	Yes
PGAP3	Yes
NPPB	Yes
SLC10A1	Yes
HAVCR1	Yes
PPT1	Yes
COL14A1	Yes
ACY1	Yes
MTNR1B	Yes
MIR143	Yes
LAS1L	Yes
SPATA21	Yes
OPLAH	Yes
MIR660	Yes
MIPEP	Yes
IL21	Yes
MIR485	Yes
CXCL11	Yes
KCNN2	Yes
FAT1	Yes
OCIAD1	Yes
FAM43A	Yes
MIR503	Yes
TGFBR2	Yes
SMC2	Yes
CSPG4	Yes
PCSK9	Yes
ASPN	Yes
LMNA	Yes
SOD3	Yes
IL2RA	Yes
GSTM3	Yes
TNNT2	Yes
MAPK3	Yes
NOS2	Yes
HLA-DRB5	Yes
VPS13B	Yes
FABP5	Yes
VIM	Yes
FADS2	Yes
MANBA	Yes
CCND1	Yes
MED1	Yes
PBK	Yes
CCBE1	Yes
P2RX7	Yes
PRSS1	Yes
ABCC5	Yes
TUB	Yes
PRKAR2B	Yes
CENPF	Yes
MIR505	Yes
RBMY	Yes
MBOAT2	Yes
LCAT	Yes
IL20	Yes
CUBN	Yes
FGL2	Yes
JAG1	Yes
MYC	Yes
CASP4	Yes
EAF2	Yes
CXCL12	Yes
ST6GAL1	Yes
TPK1	Yes
SLC25A15	Yes
PDHB	Yes
ARL8A	Yes
ALPL	Yes
FH	Yes
FZD4	Yes
EIF4E3	Yes
LTF	Yes
MIR6881	Yes
VOPP1	Yes
DIPK2B	Yes
UQCRB	Yes
FANCA	Yes
HAL	Yes
TMEM165	Yes
RND3	Yes
MIR879	Yes
MRPS22	Yes
CXCL15	Yes
ADORA2A	Yes
TEK	Yes
GCG	Yes
AIF1	Yes
MIR598	Yes
AMBP	Yes
CSF1R	Yes
LTB4R	Yes
RELA	Yes
GATM	Yes
EXOSC2	Yes
DDB2	Yes
EHHADH	Yes
NBN	Yes
MIR204	Yes
TSC1	Yes
IGFALS	Yes
ERCC6	Yes
FBXL4	Yes
SLC5A5	Yes
AR	Yes
ABCD4	Yes
ST14	Yes
PYCARD	Yes
IFI204	Yes
GBP2	Yes
HCFC1	Yes
RGD1560248	Yes
YWHAG	Yes
B4GALT5	Yes
TMEM70	Yes
C9	Yes
FBXO9	Yes
TAPBP	Yes
ZIC5	Yes
GPC3	Yes
MIR215	Yes
CASR	Yes
DNAH11	Yes
OPA1	Yes
AP1S2	Yes
ATP6V1B1	Yes
GLA	Yes
ABLIM3	Yes
SOD2	Yes
TRPM7	Yes
ADH1B	Yes
FANCL	Yes
HNRNPA2B1	Yes
OSM	Yes
SSX1	Yes
IL11	Yes
STT3A	Yes
RGD1309104	Yes
SCO2	Yes
EMP1	Yes
CAR5A	Yes
IL1RN	Yes
NARS2	Yes
APP	Yes
CKLF	Yes
SDHAF1	Yes
CD53	Yes
SHCBP1	Yes
PTN	Yes
SELENBP2	Yes
NFE2L2	Yes
G6PC	Yes
FCMR	Yes
CYP2C8	Yes
NLRC3	Yes
GYS1	Yes
HSD17B6	Yes
PDSS2	Yes
MRPL44	Yes
MIR483	Yes
XRCC2	Yes
MIR487B	Yes
MIR4516	Yes
HPN	Yes
DGAT2	Yes
HPX	Yes
MC2R	Yes
PRKCSH	Yes
CNNM2	Yes
BMF	Yes
BDH1	Yes
HMGCL	Yes
AIMP1	Yes
MIR1273H	Yes
APC	Yes
CDC42SE1	Yes
NR3C2	Yes
CLN5	Yes
MIRLET7B	Yes
MIR766	Yes
RARRES1	Yes
VTN	Yes
IGFBP3	Yes
SPIN2A	Yes
WNT3A	Yes
TRIP13	Yes
VPS26A	Yes
TRMT11	Yes
SLC22A6	Yes
PEX2	Yes
SUOX	Yes
CDCA8	Yes
EGFR	Yes
MYBL2	Yes
PCX	Yes
PSMB9	Yes
HTR2C	Yes
MIR885	Yes
TREH	Yes
MIR1228	Yes
PMS1	Yes
FXYD2	Yes
CRTAP	Yes
UQCRC2	Yes
CYP4A10	Yes
VNN1	Yes
ZMPSTE24	Yes
MIR499A	Yes
PIPOX	Yes
NOCT	Yes
AHNAK	Yes
TRNV	Yes
FXYD6	Yes
CLTRN	Yes
EGR1	Yes
HADHA	Yes
KSR2	Yes
ZBTB4	Yes
BCO1	Yes
ATP8B1	Yes
SRPX	Yes
PRKAG2	Yes
EPHX2	Yes
TRMU	Yes
CEBPB	Yes
HEBP2	Yes
CD40	Yes
DYRK1B	Yes
RAD50	Yes
MOCOS	Yes
C5ORF30	Yes
PTRHD1	Yes
PNLIP	Yes
MIR708	Yes
UCP2	Yes
SEPTIN11	Yes
FAM49B	Yes
NR2F2	Yes
PRC1	Yes
RAB31	Yes
IL12B	Yes
PC	Yes
LAPTM5	Yes
MIR5099	Yes
MIR1304	Yes
APOE	Yes
SGK2	Yes
ADAMTS17	Yes
SIGLEC5	Yes
NUDT7	Yes
APOA1	Yes
RAMP1	Yes
OPTN	Yes
VAPB	Yes
RB1	Yes
USF1	Yes
PITPNM3	Yes
GBX2	Yes
ADIPQTL2	Yes
IRF8	Yes
CAMK2A	Yes
RAI1	Yes
STN1	Yes
L2HGDH	Yes
PPP3CB	Yes
UBQLN2	Yes
CELSR3	Yes
MIR764	Yes
NID2	Yes
BMP4	Yes
MIR186	Yes
TSFM	Yes
THY1	Yes
FUS	Yes
SLC25A19	Yes
RRAS2	Yes
CAP2	Yes
SCNN1B	Yes
CRY1	Yes
HGD	Yes
POLG	Yes
PRKCA	Yes
UNG	Yes
ADK	Yes
ECM1	Yes
PLS3	Yes
B3GAT1	Yes
SIRT1	Yes
ATP2A2	Yes
ESRRA	Yes
HPS4	Yes
TMPRSS6	Yes
DPM1	Yes
IL2RB	Yes
CCL5	Yes
ADSL	Yes
CLDN16	Yes
OIT3	Yes
MIR3591	Yes
PLAC8	Yes
PARK7	Yes
CXCL16	Yes
NEK1	Yes
SLC29A3	Yes
FCN2	Yes
TRAIP	Yes
NDUFS3	Yes
TCN2	Yes
PSMD6	Yes
GOT1	Yes
BANF1	Yes
FAM83D	Yes
LYRM4	Yes
IDH2	Yes
MIR432	Yes
NDRG2	Yes
HPS6	Yes
SURF1	Yes
FHL1	Yes
MIR671	Yes
ATP6	Yes
SNAP25	Yes
CRABP1	Yes
RARRES2	Yes
RFX6	Yes
DCAF4L2	Yes
PLEKHB1	Yes
VAV1	Yes
DUSP16	Yes
IL18	Yes
CYBB	Yes
CARD8	Yes
FAM111A	Yes
HOTAIR	Yes
KCNMA1	Yes
DICER1	Yes
CTF1	Yes
ABCA8A	Yes
DEPDC1	Yes
TINF2	Yes
NAP1L5	Yes
TNFRSF10B	Yes
GULP1	Yes
RIPK3	Yes
ICAM1	Yes
HLA-DPA1	Yes
SMARCC1	Yes
MIR324	Yes
GJA4	Yes
RAF1	Yes
INSR	Yes
PIGO	Yes
TMED7	Yes
CASP8	Yes
APAF1	Yes
MPC1	Yes
CNPY4	Yes
GNPAT	Yes
PPP1R15B	Yes
VDAC1	Yes
GALK1	Yes
NEUROG3	Yes
MON1A	Yes
NPC1	Yes
ITPR1	Yes
ANKS6	Yes
A	Yes
TOMM40	Yes
KEAP1	Yes
LUM	Yes
PSMA2	Yes
ZFP37	Yes
PLEKHH1	Yes
SLAMF9	Yes
SHISA3	Yes
FXN	Yes
SFN	Yes
ICOSLG	Yes
CPQ	Yes
ALDOB	Yes
MOCS1	Yes
COL6A1	Yes
PROX1	Yes
PPP1R3B	Yes
ATP5PD	Yes
CDCA5	Yes
MIR100	Yes
SLC19A2	Yes
NMI	Yes
KLF6	Yes
FYN	Yes
ATM	Yes
DDX58	Yes
MOGAT2	Yes
FCN1	Yes
GSTT1	Yes
LACTB	Yes
ACTA2	Yes
MFN1	Yes
VPS11	Yes
ALDH5A1	Yes
KTN1	Yes
CEMIP2	Yes
CYP2E1	Yes
WASL	Yes
PIGM	Yes
FCGR3B	Yes
MIR484	Yes
ATP13A2	Yes
LPL	Yes
LTBP1	Yes
SLC35A1	Yes
SH3BGRL3	Yes
UCP1	Yes
ITIH1	Yes
SLC17A5	Yes
IFT88	Yes
HEPACAM	Yes
MIR592	Yes
NDUFS2	Yes
NRG1	Yes
PZP	Yes
SLC39A14	Yes
NADK2	Yes
BTG2	Yes
RDH10	Yes
TBK1	Yes
TNFRSF1B	Yes
HERC2	Yes
CDK14	Yes
COL4A2	Yes
MOBP	Yes
SOCS2	Yes
MIR455	Yes
CD83	Yes
TMEM106A	Yes
ADAMTS13	Yes
SLC16A1	Yes
GLI1	Yes
MIR190A	Yes
SELENBP1	Yes
AUTS2	Yes
COL1A1	Yes
ISG20	Yes
ALDOA	Yes
FAM115C	Yes
PLS1	Yes
TF	Yes
ADIPOQ	Yes
CDCA2	Yes
FRK	Yes
APOH	Yes
HMGCS2	Yes
LBH	Yes
ITGA2B	Yes
GCH1	Yes
MIR539	Yes
IL13RA1	Yes
RECQL4	Yes
C14ORF180	Yes
TPM4	Yes
ERCC5	Yes
GCAT	Yes
FHIT	Yes
TUBA6	Yes
FGFR2	Yes
FGGY	Yes
COQ6	Yes
TNFSF11	Yes
KANK1	Yes
IL17A	Yes
DAO	Yes
ENPP1	Yes
GPI	Yes
ERLEC1	Yes
PEX19	Yes
NLRC5	Yes
COX7B2	Yes
TFRC	Yes
FST	Yes
NIPAL2	Yes
MIR337	Yes
EIF2S3	Yes
SLC11A2	Yes
CP	Yes
AGTR1A	Yes
SLC13A4	Yes
GNPTG	Yes
MGLL	Yes
MIR429	Yes
IFNG	Yes
MIR497	Yes
NFKBIZ	Yes
NCAPH	Yes
PTGS2	Yes
KIF2C	Yes
MIR145	Yes
MMP1	Yes
PTRH1	Yes
KYNU	Yes
NUDCD3	Yes
FGF6	Yes
GSS	Yes
CGREF1	Yes
COX2	Yes
NDUFV2	Yes
FTH1	Yes
GLDC	Yes
MPI	Yes
FLNA	Yes
SCD2	Yes
ARHGEF39	Yes
CCNA1	Yes
TMEM132D	Yes
UBE2C	Yes
SEPTIN2	Yes
IDS	Yes
ADORA3	Yes
CFP	Yes
SOAT2	Yes
MMACHC	Yes
TLE3	Yes
EHD3	Yes
F2R	Yes
ATPAF2	Yes
CYP3A16	Yes
PRODH2	Yes
FCER1G	Yes
INS1	Yes
TCF7L2	Yes
EDN1	Yes
SEMA6D	Yes
MME	Yes
SAR1B	Yes
POLA1	Yes
THEM4	Yes
NGLY1	Yes
MIR130A	Yes
CD163	Yes
RGS10	Yes
FANCE	Yes
NPY5R	Yes
REN	Yes
MIRLET7D	Yes
LPA	Yes
PYGL	Yes
TREM1	Yes
STX6	Yes
RAC1	Yes
MIR362	Yes
ESM1	Yes
MID1IP1	Yes
RBM3	Yes
ALDH1B1	Yes
MIR29B2	Yes
CAP1	Yes
CYSTM1	Yes
COQ2	Yes
LRMDA	Yes
PDRG1	Yes
MIR1260B	Yes
VCAM1	Yes
NPAS2	Yes
MIR1247	Yes
MIR628	Yes
SMAD2	Yes
CDC6	Yes
HJURP	Yes
ASAH2	Yes
MIR193A	Yes
STAU2	Yes
AEN	Yes
IGFBP1	Yes
C1QA	Yes
MIR942	Yes
DOLK	Yes
MMP8	Yes
AKR1C2	Yes
CTLA2A	Yes
AP3S2	Yes
GJA1	Yes
MMP12	Yes
NLRP3	Yes
TGM2	Yes
MIR5196	Yes
PHKA1	Yes
CYP3A4	Yes
BRIP1	Yes
SELPLG	Yes
RAB7B	Yes
FAHD1	Yes
IDO1	Yes
GABRB1	Yes
CA2	Yes
PHKA2	Yes
FMC1	Yes
MDH1	Yes
PRKCQ	Yes
TRMT5	Yes
CD68	Yes
MIR3615	Yes
MIR188	Yes
IL7R	Yes
GM2A	Yes
CYP2D4	Yes
APCS	Yes
CYP2C11	Yes
NAGLU	Yes
FDX2	Yes
MIR4433B	Yes
PENK	Yes
SOCS3	Yes
ENC1	Yes
FLI1	Yes
MIR340	Yes
RNASEL	Yes
LRP5	Yes
H19	Yes
APOA2	Yes
TLN1	Yes
SLC25A30	Yes
DPAGT1	Yes
UPB1	Yes
GPD2	Yes
AREG	Yes
PPP1R18	Yes
PEX5	Yes
RT1-DA	Yes
YAP1	Yes
HTR2A	Yes
MMADHC	Yes
HTRA2	Yes
PTPRC	Yes
ADAMTS5	Yes
AK2	Yes
FOXA2	Yes
CS	Yes
NOP16	Yes
CYP4A11	Yes
HSPA9	Yes
TES	Yes
SGF29	Yes
APOA5	Yes
KRT7	Yes
KLF11	Yes
PPP1R3C	Yes
ACSL4	Yes
DCC	Yes
ADRB3	Yes
SDHA	Yes
SFXN4	Yes
SLC34A1	Yes
GLS	Yes
TAGLN	Yes
SP110	Yes
LOX	Yes
MIR1306	Yes
TMEM184B	Yes
MIR365B	Yes
NSA2	Yes
MIR383	Yes
GABRA1	Yes
LYVE1	Yes
MIR342	Yes
ID1	Yes
POLR2G	Yes
APMAP	Yes
MIR378C	Yes
FAM72B	Yes
NNMT	Yes
MAEA	Yes
GGTA1	Yes
DNAJC21	Yes
CERK	Yes
CDKAL1	Yes
SCNN1G	Yes
BTBD11	Yes
MIR200C	Yes
AKR1B1	Yes
FBN1	Yes
ALS2	Yes
ERCC4	Yes
KIF18A	Yes
FUCA1	Yes
ALDH9A1	Yes
CYP17A1	Yes
AKR1C1	Yes
GYG1	Yes
GBP5	Yes
PEA15A	Yes
BPGM	Yes
CD7	Yes
MIR336	Yes
ATPIF1	Yes
HEXA	Yes
SORD	Yes
IFNA2	Yes
CD9	Yes
PWAR1	Yes
SRD5A3	Yes
EARS2	Yes
OTOG	Yes
COL3A1	Yes
PRODH	Yes
MIR744	Yes
JAM3	Yes
MIR452	Yes
HTR4	Yes
TREX1	Yes
TRIM59	Yes
MET	Yes
SLC30A10	Yes
PGD	Yes
PHB	Yes
FOXM1	Yes
PREPL	Yes
IGF2BP2	Yes
THEMIS	Yes
CELA1	Yes
PLAU	Yes
NAGK	Yes
DSC2	Yes
HLCS	Yes
TIMP3	Yes
KCNJ6	Yes
MIR1301	Yes
CYP1A1	Yes
ALDH16A1	Yes
COL12A1	Yes
SLC2A3	Yes
S100A9	Yes
COQ7	Yes
PLP1	Yes
MIR651	Yes
RMND5B	Yes
UBA5	Yes
GFRA1	Yes
ALAS1	Yes
MIR4507	Yes
PHYH	Yes
EIF3H	Yes
PLAT	Yes
ACAT2	Yes
MCM10	Yes
B4GALT1	Yes
PNPLA2	Yes
MIR6741	Yes
SLC25A12	Yes
NEAT1	Yes
MIR1226	Yes
MIR335	Yes
DLAT	Yes
ETS1	Yes
CYP2F2	Yes
XBP1	Yes
CNP	Yes
CYP27A1	Yes
CLEC4A	Yes
NPPA	Yes
ILK	Yes
RCN2	Yes
ATP10D	Yes
PEX26	Yes
IL1R2	Yes
PRTG	Yes
ZAP70	Yes
NUPR1	Yes
CXCL8	Yes
SLC4A1	Yes
NCF1	Yes
XYLB	Yes
FTCD	Yes
ADRA2B	Yes
CAR3	Yes
ETFB	Yes
LY96	Yes
BLOC1S6	Yes
IFNB1	Yes
RDX	Yes
ERCC3	Yes
TARS2	Yes
LMX1B	Yes
NFATC2	Yes
RFXAP	Yes
FGR	Yes
FSTL1	Yes
CD48	Yes
EDNRB	Yes
POLR1C	Yes
SLC22A1	Yes
RFT1	Yes
CNDP1	Yes
LURAP1L	Yes
CDKN3	Yes
IGF1R	Yes
SP140	Yes
COTL1	Yes
UGCG	Yes
ROBO3	Yes
TPMT	Yes
MIR30C-1	Yes
YIF1A	Yes
SLC34A2	Yes
ITM2B	Yes
IFI27L2B	Yes
MIR17HG	Yes
HSD3B7	Yes
TMEM155	Yes
RTP3	Yes
TK1	Yes
CDH1	Yes
SPSB4	Yes
TOP1	Yes
CX3CL1	Yes
MAGEE1	Yes
ECHDC1	Yes
NREP	Yes
NME1	Yes
TLR5	Yes
PRKAA1	Yes
NEK6	Yes
IYD	Yes
SLC25A24	Yes
ZFR2	Yes
KIF11	Yes
TRAK2	Yes
MICA	Yes
CYP4A14	Yes
COL18A1	Yes
MTR	Yes
TBC1D9	Yes
UBD	Yes
ZDHHC2	Yes
MOB3A	Yes
PACS1	Yes
ROBO1	Yes
HLA-DRB1	Yes
LMNB1	Yes
HAS3	Yes
STAC3	Yes
SMC5	Yes
SLC5A1	Yes
PCCA	Yes
PDGFRA	Yes
MAPK8	Yes
RIT1	Yes
IGKC	Yes
OLFML2B	Yes
TBCE	Yes
TRF	Yes
RAG1	Yes
TCF4	Yes
JAZF1	Yes
AHSG	Yes
TUBA1A	Yes
CHMP2B	Yes
IQGAP3	Yes
DIO1	Yes
CCNA2	Yes
SLC45A2	Yes
ITGAM	Yes
NKILA	Yes
ASAH1	Yes
RBL2	Yes